month,segment,applications,defaults,approved,approved_defaults,funded_amount,contribution,month_date
2024-07,Contract,58,19,16,4,287328.14000000,-10810.96830000,2024-07-01
2024-07,Salaried,254,58,118,11,1679115.09000000,64973.28050000,2024-07-01
2024-07,Self employed,79,24,33,7,430382.78000000,-30152.57550000,2024-07-01
2024-08,Contract,63,16,12,1,159054.70000000,-7225.99150000,2024-08-01
2024-08,Salaried,267,72,128,16,2113747.25000000,16907.80310000,2024-08-01
2024-08,Self employed,100,19,43,3,727747.55000000,46545.52410000,2024-08-01
2024-09,Contract,47,11,21,1,319574.69000000,28255.18680000,2024-09-01
2024-09,Salaried,244,59,95,6,1478315.85000000,108262.96690000,2024-09-01
2024-09,Self employed,87,25,35,4,577588.53000000,20031.23190000,2024-09-01
2024-10,Contract,49,21,11,2,227133.70000000,14436.92230000,2024-10-01
2024-10,Salaried,281,84,125,22,2143072.61000000,-35516.45650000,2024-10-01
2024-10,Self employed,84,24,37,6,588393.88000000,193.74550000,2024-10-01
2024-11,Contract,43,14,12,4,215448.20000000,-31446.07400000,2024-11-01
2024-11,Salaried,293,82,135,14,2396925.15000000,95097.83870000,2024-11-01
2024-11,Self employed,85,28,31,3,549040.11000000,29935.49980000,2024-11-01
2024-12,Contract,54,18,18,3,214713.47000000,8517.47010000,2024-12-01
2024-12,Salaried,298,81,134,15,1943998.15000000,70548.73260000,2024-12-01
2024-12,Self employed,91,27,41,4,611589.52000000,30715.54830000,2024-12-01
