month,segment,applications,defaults,approved,approved_defaults,funded_amount,contribution,default_rate
2024-07,Contract,58,19,16,4,287328.140000,-10810.968300,0.327586
2024-07,Salaried,254,58,118,11,1679115.090000,64973.280500,0.228346
2024-07,Self employed,79,24,33,7,430382.780000,-30152.575500,0.303797
2024-08,Contract,63,16,12,1,159054.700000,-7225.991500,0.253968
2024-08,Salaried,267,72,128,16,2113747.250000,16907.803100,0.269663
2024-08,Self employed,100,19,43,3,727747.550000,46545.524100,0.190000
2024-09,Contract,47,11,21,1,319574.690000,28255.186800,0.234043
2024-09,Salaried,244,59,95,6,1478315.850000,108262.966900,0.241803
2024-09,Self employed,87,25,35,4,577588.530000,20031.231900,0.287356
2024-10,Contract,49,21,11,2,227133.700000,14436.922300,0.428571
2024-10,Salaried,281,84,125,22,2143072.610000,-35516.456500,0.298932
2024-10,Self employed,84,24,37,6,588393.880000,193.745500,0.285714
2024-11,Contract,43,14,12,4,215448.200000,-31446.074000,0.325581
2024-11,Salaried,293,82,135,14,2396925.150000,95097.838700,0.279863
2024-11,Self employed,85,28,31,3,549040.110000,29935.499800,0.329412
2024-12,Contract,54,18,18,3,214713.470000,8517.470100,0.333333
2024-12,Salaried,298,81,134,15,1943998.150000,70548.732600,0.271812
2024-12,Self employed,91,27,41,4,611589.520000,30715.548300,0.296703
