origination_month,exposure,n,monthly_exposure_change
2023-01,7647359.840000,422,
2023-02,7041336.630000,396,-606023.210000
2023-03,7074825.440000,398,33488.810000
2023-04,7545134.390000,399,470308.950000
2023-05,7674363.510000,391,129229.120000
2023-06,7889489.780000,447,215126.270000
2023-07,8492814.650000,452,603324.870000
2023-08,7158629.440000,400,-1334185.210000
2023-09,8502130.040000,452,1343500.600000
2023-10,8155046.380000,431,-347083.660000
2023-11,7118691.190000,395,-1036355.190000
2023-12,8397966.750000,438,1279275.560000
2024-01,7611380.440000,431,-786586.310000
2024-02,7627488.570000,420,16108.130000
2024-03,7276013.400000,414,-351475.170000
2024-04,6961611.190000,398,-314402.210000
2024-05,7242924.160000,419,281312.970000
2024-06,7430899.990000,420,187975.830000
2024-07,6992236.500000,391,-438663.490000
2024-08,8024060.880000,430,1031824.380000
2024-09,7098992.080000,378,-925068.800000
2024-10,7450135.680000,414,351143.600000
2024-11,8152526.680000,421,702391.000000
2024-12,7844454.040000,443,-308072.640000
