threshold,validation_contribution,approval_rate
0.020000,40476.356400,0.009592
0.030000,90555.907000,0.027578
0.040000,137748.463900,0.047562
0.050000,182009.228100,0.071543
0.060000,272574.124600,0.100719
0.070000,365303.220200,0.133094
0.080000,472065.270800,0.168665
0.090000,554904.009500,0.201039
0.100000,519105.258600,0.232214
0.110000,600005.168700,0.261391
0.120000,626182.685300,0.292166
0.130000,632249.505400,0.314948
0.140000,641910.039200,0.344125
0.150000,681858.140100,0.382094
0.160000,684282.127000,0.411671
0.170000,600481.504600,0.437250
0.180000,582571.234700,0.463229
0.190000,583974.881200,0.485612
0.200000,541182.904800,0.510791
0.210000,503769.903700,0.533573
0.220000,486110.932400,0.557954
0.230000,527632.422400,0.570743
0.240000,512044.228400,0.591127
0.250000,492673.463900,0.608313
0.260000,456180.108900,0.630296
0.270000,434726.162400,0.648681
0.280000,345724.270600,0.667466
0.290000,260189.429500,0.679057
0.300000,248027.970500,0.691847
0.310000,207924.117100,0.710232
0.320000,185149.012500,0.723821
0.330000,77956.903100,0.737410
0.340000,53221.062400,0.749001
0.350000,-19984.795200,0.758993
0.360000,-153547.345200,0.772982
0.370000,-188605.249200,0.782974
0.380000,-221846.663400,0.790568
0.390000,-301960.379900,0.803357
0.400000,-428951.440000,0.811751
0.410000,-478607.135000,0.821343
0.420000,-525244.275800,0.827738
0.430000,-610774.707200,0.835731
0.440000,-660998.467900,0.842126
0.450000,-764570.511200,0.852518
0.460000,-812962.940300,0.861711
0.470000,-846701.931800,0.866906
0.480000,-931945.837000,0.874101
0.490000,-1147958.921700,0.881695
0.500000,-1327812.496800,0.887690
